Filename,FB_ID,FB_name,FCCS_Code,SFP,Surface_Reaction,Surface_Spread,Surface_Flamelength,CFP,Crown_Initiation,Crown_Transmissivity,Crown_Spread,AFP,Available_Flame,Available_Smolder,Available_Residual,Version
fuelbed_11111.xml,11111,"Wet flatland 0-10 yr old longleaf pine forest, 1-3 yr mFRI",300,3.3885,4.2461,3.3885,2.67,0,0,0,0,0.1605,0.1597,0.0008,0,3.0.257
fuelbed_11112.xml,11112,"Wet flatland 11-20 yr old longleaf pine forest, 1-3 yr mFRI",320,3.3656,5.3313,3.3656,3.1331,1.6887,3.113,0,0.8271,0.4236,0.3877,0.0077,0.0283,3.0.257
fuelbed_11113.xml,11113,"Wet flatland 21-40 yr old longleaf pine forest, 1-3 yr mFRI",411,3.5646,5.4342,3.5646,3.2722,1.4577,2.2699,0,1.1312,0.5685,0.4968,0.0151,0.0565,3.0.257
fuelbed_11114.xml,11114,"Wet flatland 41-60 yr old longleaf pine forest, 1-3 yr mFRI",521,5.2726,5.8977,5.2726,4.0812,1.6968,2.318,0,1.6409,0.8136,0.7042,0.0246,0.0848,3.0.257
fuelbed_11115.xml,11115,"Wet flatland 61-100 yr old longleaf pine forest, 1-3 yr mFRI",521,5.2928,5.7309,5.2928,4.0628,1.5163,1.9861,0,1.5519,0.9062,0.7968,0.0246,0.0848,3.0.257
fuelbed_11116.xml,11116,"Wet flatland >100 yr old longleaf pine forest, 1-3 yr mFRI",511,5.423,5.5725,5.423,4.0896,1.4724,1.9974,0,1.438,0.9072,0.7978,0.0246,0.0848,3.0.257
fuelbed_11121.xml,11121,"Wet flatland 0-10 yr old longleaf pine forest, 4-8 yr mFRI",400,4.0978,5.1921,4.0978,3.3677,0,0,0,0,0.4228,0.4061,0.0053,0.0115,3.0.257
fuelbed_11122.xml,11122,"Wet flatland 11-20 yr old longleaf pine forest, 4-8 yr mFRI",521,4.9109,5.4343,4.9109,3.7383,2.3532,3.6297,0,1.8607,0.6444,0.5332,0.0188,0.0925,3.0.257
fuelbed_11123.xml,11123,"Wet flatland 21-40 yr old longleaf pine forest, 4-8 yr mFRI",431,4.493,5.6398,4.493,3.7146,2.9632,2.5346,5.8419,2.4319,1.1402,0.8851,0.0833,0.1718,3.0.257
fuelbed_11124.xml,11124,"Wet flatland 41-60 yr old longleaf pine forest, 4-8 yr mFRI",431,4.3596,5.8616,4.3596,3.7633,2.8532,2.1602,5.8419,2.5495,1.4864,1.0733,0.1038,0.3093,3.0.257
fuelbed_11125.xml,11125,"Wet flatland 61-100 yr old longleaf pine forest, 4-8 yr mFRI",532,4.9046,5.5784,4.9046,3.9092,2.8667,1.9206,5.8419,2.8206,1.7871,1.3348,0.1144,0.3379,3.0.257
fuelbed_11126.xml,11126,"Wet flatland >100 yr old longleaf pine forest, 4-8 yr mFRI",532,4.6816,5.4015,4.6816,3.8197,2.7988,1.8823,5.8419,2.7004,1.8988,1.4071,0.1251,0.3666,3.0.257
fuelbed_11131.xml,11131,"Wet flatland 0-10 yr old longleaf pine forest, 9-20 yr mFRI",401,4.496,5.5437,4.496,3.706,0,0,0,0,0.5645,0.5366,0.0101,0.0178,3.0.257
fuelbed_11132.xml,11132,"Wet flatland 11-20 yr old longleaf pine forest, 9-20 yr mFRI",541,5.1952,6.3785,5.1952,4.2921,4.0837,4.4619,5.8419,3.1188,1.3117,1.1698,0.0301,0.1117,3.0.257
fuelbed_11133.xml,11133,"Wet flatland 21-40 yr old longleaf pine forest, 9-20 yr mFRI",542,5.1283,6.6031,5.1283,4.4307,4.1565,3.0262,8.1225,3.9641,2.1753,1.8981,0.0909,0.1862,3.0.257
fuelbed_11134.xml,11134,"Wet flatland 41-60 yr old longleaf pine forest, 9-20 yr mFRI",643,5.7007,6.7096,5.7007,4.7153,4.2739,2.6634,8.1225,4.6009,2.8936,2.4371,0.1136,0.3429,3.0.257
fuelbed_11135.xml,11135,"Wet flatland 61-100 yr old longleaf pine forest, 9-20 yr mFRI",543,5.4777,6.4298,5.4777,4.5686,4.1958,2.217,8.1225,4.8651,3.41,2.9127,0.1248,0.3725,3.0.257
fuelbed_11136.xml,11136,"Wet flatland >100 yr old longleaf pine forest, 9-20 yr mFRI",544,5.447,6.2099,5.447,4.53,4.2129,2.2007,8.1225,4.9213,3.51,2.9719,0.136,0.4021,3.0.257
fuelbed_13141.xml,13141,"Wet flatland 0-10 yr old broadleaf forest, >20 yr mFRI",501,4.6539,5.3109,4.6539,3.8839,0,0,0,0,0.7295,0.5234,0.1779,0.0282,3.0.257
fuelbed_13142.xml,13142,"Wet flatland 11-20 yr old broadleaf forest, >20 yr mFRI",531,4.7333,5.8059,4.7333,4.1381,2.7867,2.2746,8.8547,1.2757,1.2242,0.8359,0.1988,0.1895,3.0.257
fuelbed_13143.xml,13143,"Wet flatland 21-40 yr old broadleaf forest, >20 yr mFRI",531,5.2514,6.3129,5.2514,4.5383,2.9136,2.4793,8.8547,1.367,1.4436,1.0349,0.2052,0.2036,3.0.257
fuelbed_13144.xml,13144,"Wet flatland 41-60 yr old broadleaf forest, >20 yr mFRI",532,5.0824,6.3197,5.0824,4.4762,2.9114,2.4499,8.8547,1.3915,1.5254,1.0364,0.229,0.26,3.0.257
fuelbed_13145.xml,13145,"Wet flatland 60-100 yr old broadleaf forest, >20 yr mFRI",531,4.8075,5.8353,4.8075,4.2281,2.8504,2.3313,8.8547,1.3676,1.47,0.9399,0.2419,0.2882,3.0.257
fuelbed_13146.xml,13146,"Wet flatland >100 yr old broadleaf forest, >20 yr mFRI",531,4.5581,4.5103,4.5581,3.6922,2.6576,2.0721,8.8547,1.1771,1.3103,0.7391,0.2548,0.3164,3.0.257
fuelbed_15131.xml,15131,"Wet flatland 0-10 yr old tall evergreen shrubland, 9-20 yr mFRI",502,5.1948,4.9884,5.1948,4.0696,0.4482,0,0,1.0458,1.6764,1.2669,0.1963,0.2132,3.0.257
fuelbed_15132.xml,15132,"Wet flatland 11-20 yr old tall evergreen shrubland, 9-20 yr mFRI",742,6.9887,5.7452,6.9887,4.9903,4.3805,8.7073,0,1.5131,1.8922,1.4827,0.1963,0.2132,3.0.257
fuelbed_15133.xml,15133,"Wet flatland 21-40 yr old tall evergreen shrubland, 9-20 yr mFRI",813,8.1116,7.8468,8.1116,6.1902,0.9043,0,0,2.11,2.5094,2.0999,0.1963,0.2132,3.0.257
fuelbed_15134.xml,15134,"Wet flatland 41-60 yr old tall evergreen shrubland, 9-20 yr mFRI",853,8.4667,9,8.4667,7.1771,5.0478,9,0,2.7775,3.3619,2.9525,0.1963,0.2132,3.0.257
fuelbed_15135.xml,15135,"Wet flatland 61-100 yr old tall evergreen shrubland, 9-20 yr mFRI",943,8.5038,9,8.5038,7.0745,4.3089,7.2777,0,2.7758,3.3619,2.9525,0.1963,0.2132,3.0.257
fuelbed_15136.xml,15136,"Wet flatland >100 yr old tall evergreen shrubland, 9-20 yr mFRI",943,8.5038,9,8.5038,7.0745,4.3089,7.2777,0,2.7758,3.3619,2.9525,0.1963,0.2132,3.0.257
fuelbed_15141.xml,15141,"Wet flatland 0-10 yr old all evergreen shrubland, >20 yr mFRI",701,7.4258,5.3605,7.4258,4.863,0,0,0,0,1.4259,1.3225,0.1034,0,3.0.257
fuelbed_15142.xml,15142,"Wet flatland 11-20 yr old all evergreen shrubland, >20 yr mFRI",401,4.0733,3.395,4.0733,2.9403,0,0,0,0,0.7668,0.66,0.1068,0,3.0.257
fuelbed_15143.xml,15143,"Wet flatland 21-40 yr old all evergreen shrubland, >20 yr mFRI",631,5.9952,4.2166,5.9952,3.9199,3.0253,7.0585,0,0,1.2339,1.0359,0.1295,0.0685,3.0.257
fuelbed_15144.xml,15144,"Wet flatland 41-60 yr old all evergreen shrubland, >20 yr mFRI",733,7.232,8.0623,7.232,5.832,3.4713,8.0992,0,0,3.0084,2.7125,0.1589,0.1371,3.0.257
fuelbed_15145.xml,15145,"Wet flatland 61-100 yr old all evergreen shrubland, >20 yr mFRI",733,7.2824,7.7975,7.2824,5.7596,2.6085,6.0861,0,0,3.2584,2.794,0.1903,0.2741,3.0.257
fuelbed_15146.xml,15146,"Wet flatland >100 yr old all evergreen shrubland, >20 yr mFRI",733,7.2824,7.7975,7.2824,5.7596,2.6085,6.0861,0,0,3.2884,2.824,0.1903,0.2741,3.0.257
fuelbed_16100.xml,16100,"Wet flatland >0 yr old short shrubland, >20 yr mFRI",401,3.5031,5.9408,3.4002,3.5031,0,0,0,0,0.9338,0.7698,0.164,0,3.0.257
fuelbed_16900.xml,16900,"Wet flatland >0 yr old broadleaf forest, >20 yr mFRI",300,3.0409,2.689,3.0409,2.4459,0,0,0,0,0.3802,0.2102,0.17,0,3.0.257
fuelbed_17100.xml,17100,"Salt marsh >0 yr old mechanically mowed short shrubland, > 30 yr mFRI",900,9,8.4425,9,7.7573,0,0,0,0,0.4,0.4,0,0,3.0.257
fuelbed_21111.xml,21111,"Mesic flatland 0-10 yr old longleaf pine forest, 1-3 yr mFRI",400,4.3197,3.7678,4.3197,2.8956,0.4,0,0,0.9333,0.1557,0.146,0.0038,0.006,3.0.257
fuelbed_21112.xml,21112,"Mesic flatland 11-20 yr old longleaf pine forest, 1-3 yr mFRI",420,4.3912,4.3232,4.3912,3.22,1.7243,2.7248,0,1.2982,0.2914,0.2379,0.0101,0.0433,3.0.257
fuelbed_21113.xml,21113,"Mesic flatland 21-40 yr old longleaf pine forest, 1-3 yr mFRI",521,4.5139,4.3482,4.5139,3.3066,1.8765,2.2355,0,2.1426,0.5515,0.4448,0.0201,0.0867,3.0.257
fuelbed_21114.xml,21114,"Mesic flatland 41-60 yr old longleaf pine forest, 1-3 yr mFRI",521,4.9948,4.7858,4.9948,3.6212,1.8517,2.0626,0,2.2579,0.7862,0.6269,0.0297,0.1296,3.0.257
fuelbed_21115.xml,21115,"Mesic flatland 61-100 yr old longleaf pine forest, 1-3 yr mFRI",521,5.056,4.6674,5.056,3.6275,1.7128,1.7857,0,2.2107,0.8222,0.6429,0.0348,0.1445,3.0.257
fuelbed_21116.xml,21116,"Mesic flatland >100 yr old longleaf pine forest, 1-3 yr mFRI",521,4.9962,4.6795,4.9962,3.6135,1.701,1.7797,0,2.1891,0.8932,0.674,0.0449,0.1743,3.0.257
fuelbed_21121.xml,21121,"Mesic flatland 0-10 yr old longleaf pine forest, 4-8 yr mFRI",300,3.2343,4.4679,3.2343,2.8522,0.4059,0,0,0.9471,0.2763,0.2334,0.0131,0.0298,3.0.257
fuelbed_21122.xml,21122,"Mesic flatland 11-20 yr old longleaf pine forest, 4-8 yr mFRI",421,3.9444,5.3431,3.9444,3.4951,2.1018,3.0314,0,1.8725,0.6617,0.5077,0.0299,0.1241,3.0.257
fuelbed_21123.xml,21123,"Mesic flatland 21-40 yr old longleaf pine forest, 4-8 yr mFRI",541,4.9975,5.8647,4.9975,4.1642,3.5033,2.7834,7.1922,2.9929,1.2005,0.9073,0.0914,0.2018,3.0.257
fuelbed_21124.xml,21124,"Mesic flatland 41-60 yr old longleaf pine forest, 4-8 yr mFRI",642,5.5019,5.9743,5.5019,4.4031,3.5152,2.4762,7.1922,3.3279,1.6722,1.2188,0.1094,0.344,3.0.257
fuelbed_21125.xml,21125,"Mesic flatland 61-100 yr old longleaf pine forest, 4-8 yr mFRI",532,5.1763,5.7692,5.1763,4.2591,3.2886,2.0692,7.1922,3.2063,1.7222,1.2482,0.1151,0.3589,3.0.257
fuelbed_21126.xml,21126,"Mesic flatland >100 yr old longleaf pine forest, 4-8 yr mFRI",532,5.1329,5.7895,5.1329,4.2531,3.2738,2.0667,7.1922,3.1742,1.7732,1.2783,0.1211,0.3738,3.0.257
fuelbed_21131.xml,21131,Mesic flatland 0-10 yr old longleaf pine forest and 9-20 yr mFRI,400,3.5968,4.638,3.5968,3.1815,0.4414,0,0,1.0298,0.3997,0.3787,0.009,0.0119,3.0.257
fuelbed_21132.xml,21132,Mesic flatland 11-20 yr old longleaf pine forest and 9-20 yr mFRI,631,6.0239,5.9308,6.0239,4.5879,2.9215,4.2149,0,2.6013,1.0817,0.8917,0.0779,0.1122,3.0.257
fuelbed_21133.xml,21133,Mesic flatland 21-40 yr old longleaf pine forest and 9-20 yr mFRI,642,6.4482,6.6412,6.4482,5.0475,3.8993,3.3979,7.1922,3.3025,1.8916,1.4162,0.2886,0.1869,3.0.257
fuelbed_21134.xml,21134,Mesic flatland 41-60 yr old longleaf pine forest and 9-20 yr mFRI,742,6.5194,6.4851,6.5194,5.0735,3.7434,2.8622,7.1922,3.4745,2.4538,1.7526,0.3148,0.3864,3.0.257
fuelbed_21135.xml,21135,Mesic flatland 61-100 yr old longleaf pine forest and 9-20 yr mFRI,643,6.4296,6.345,6.4296,5.0354,3.5515,2.4276,7.1922,3.4613,2.5228,1.7807,0.3259,0.4162,3.0.257
fuelbed_21136.xml,21136,Mesic flatland >100 yr old longleaf pine forest and 9-20 yr mFRI,633,6.0102,5.8442,6.0102,4.7465,3.4619,2.306,7.1922,3.3737,2.5023,1.7393,0.3319,0.4311,3.0.257
fuelbed_21513.xml,21513,"Mesic flatland 21-40 yr old long-needle pine plantation, 1-3 yr mFRI",621,5.5448,4.8118,5.5448,3.9531,2.1637,2.6111,0,2.4372,0.6358,0.529,0.0201,0.0867,3.0.257
fuelbed_21514.xml,21514,"Mesic flatland 41-60 yr old long-needle pine plantation, 1-3 yr mFRI",521,5.3304,5.1933,5.3304,4.0001,2.0348,2.249,0,2.4985,0.8704,0.7112,0.0297,0.1296,3.0.257
fuelbed_21523.xml,21523,"Mesic flatland 21-40 yr old long-needle pine plantation, 4-8 yr mFRI",641,5.7655,6.0058,5.7655,4.5071,3.6759,2.9816,7.1922,3.1976,1.2778,0.9846,0.0914,0.2018,3.0.257
fuelbed_21524.xml,21524,"Mesic flatland 41-60 yr old long-needle pine plantation, 4-8 yr mFRI",642,6.4277,5.8411,6.4277,4.7266,3.7036,2.6336,7.1922,3.61,1.7474,1.294,0.1094,0.344,3.0.257
fuelbed_21532.xml,21532,"Mesic flatland 11-20 yr old long-needle pine plantation, 4-8 yr mFRI",731,6.606,6.5914,6.606,5.07,3.0927,4.7309,0,2.4849,1.3126,1.1225,0.0779,0.1122,3.0.257
fuelbed_21533.xml,21533,"Mesic flatland 21-40 yr old long-needle pine plantation, 4-8 yr mFRI",742,6.6346,6.4559,6.6346,5.0381,3.9652,3.5742,7.1922,3.2799,1.9801,1.5046,0.2886,0.1869,3.0.257
fuelbed_21534.xml,21534,"Mesic flatland 41-60 yr old long-needle pine plantation, 4-8 yr mFRI",743,6.7521,6.2105,6.7521,5.0447,3.8025,3.0253,7.1922,3.4492,2.5422,1.841,0.3148,0.3864,3.0.257
fuelbed_21541.xml,21541,"Mesic flatland 0-10 yr old long-needle pine plantation, >20 yr mFRI",331,3.1636,5.2647,2.9597,3.1636,2.6529,0,8.8547,3.2382,1.4735,0.9524,0.2381,0.283,3.0.257
fuelbed_21542.xml,21542,"Mesic flatland 11-20 yr old long-needle pine plantation, >20 yr mFRI",452,3.9352,5.1128,3.9352,3.5477,4.7338,3.9934,8.8547,4.0999,1.9106,1.2467,0.3501,0.3138,3.0.257
fuelbed_21543.xml,21543,"Mesic flatland 21-40 yr old long-needle pine plantation, >20 yr mFRI",553,4.9721,5.606,4.9721,4.2073,5.2745,4.0226,8.8547,5.3323,2.8931,2.0474,0.5973,0.2484,3.0.257
fuelbed_21544.xml,21544,"Mesic flatland 41-60 yr old long-needle pine plantation, >20 yr mFRI",673,5.5125,5.5711,5.5125,4.4693,6.7129,7.9112,7.1922,5.3537,3.2042,2.3161,0.6089,0.2793,3.0.257
fuelbed_23141.xml,23141,"Mesic flatland 0-10 yr old broadleaf forest, >20 yr mFRI",531,5.2484,4.502,5.2484,3.855,3.3064,0,8.8547,4.7628,1.2639,0.7428,0.2381,0.283,3.0.257
fuelbed_23142.xml,23142,"Mesic flatland 11-20 yr old broadleaf forest, >20 yr mFRI",762,6.7509,4.608,6.7509,4.3619,5.6807,4.3974,8.8547,5.9052,1.8085,1.1446,0.3501,0.3138,3.0.257
fuelbed_23143.xml,23143,"Mesic flatland 21-40 yr old broadleaf forest, >20 yr mFRI",663,6.2894,5.2326,6.2894,4.5612,5.5217,3.86,8.8547,6.0714,2.8377,1.992,0.5973,0.2484,3.0.257
fuelbed_23144.xml,23144,"Mesic flatland 41-60 yr old broadleaf forest, >20 yr mFRI",663,5.8841,5.3283,5.8841,4.5142,5.7243,5.4341,7.1922,5.5242,3.1589,2.2707,0.6089,0.2793,3.0.257
fuelbed_23145.xml,23145,"Mesic flatland 61-100 yr old broadleaf forest, >20 yr mFRI",544,4.5563,5.0075,4.5563,3.9222,4.327,2.8093,7.1922,4.8889,3.5151,2.6986,0.6075,0.209,3.0.257
fuelbed_23146.xml,23146,"Mesic flatland >100 yr old broadleaf forest, >20 yr mFRI",543,4.6516,5.1653,4.6516,4.0287,3.6684,2.4547,7.1922,3.7068,2.8465,1.9885,0.6181,0.2399,3.0.257
fuelbed_31111.xml,31111,"Mesic upland 0-10 yr old longleaf pine forest, 1-3 yr mFRI",400,4.4747,3.5287,4.4747,2.767,0.4489,0,0,1.0474,0.1158,0.1138,0.002,0,3.0.257
fuelbed_31112.xml,31112,"Mesic upland 11-20 yr old longleaf pine forest, 1-3 yr mFRI",620,5.9107,3.8244,5.9107,3.3203,2.0562,3.2151,0,1.5823,0.2057,0.172,0.0053,0.0283,3.0.257
fuelbed_31113.xml,31113,"Mesic upland 21-40 yr old longleaf pine forest, 1-3 yr mFRI",521,5.0594,4.2072,5.0594,3.3752,2.1725,2.7785,0,2.2903,0.5289,0.4496,0.0137,0.0656,3.0.257
fuelbed_31114.xml,31114,"Mesic upland 41-60 yr old longleaf pine forest, 1-3 yr mFRI",521,5.0343,4.7428,5.0343,3.583,1.8901,2.2564,0,2.1536,0.6462,0.5081,0.0239,0.1142,3.0.257
fuelbed_31115.xml,31115,"Mesic upland 61-100 yr old longleaf pine forest, 1-3 yr mFRI",521,5.3406,4.6177,5.3406,3.6769,1.8236,2.1101,0,2.1448,0.8075,0.6488,0.0298,0.129,3.0.257
fuelbed_31116.xml,31116,"Mesic upland >100 yr old longleaf pine forest, 1-3 yr mFRI",521,5.1698,4.6313,5.1698,3.6302,1.799,2.0868,0,2.1107,0.8535,0.6749,0.0349,0.1437,3.0.257
fuelbed_31121.xml,31121,"Mesic upland 0-10 yr old longleaf pine forest, 4-8 yr mFRI",300,3.1227,3.9411,3.1227,2.5569,0.3581,0,0,0.8356,0.2421,0.2321,0.004,0.0059,3.0.257
fuelbed_31122.xml,31122,"Mesic upland 11-20 yr old longleaf pine forest, 4-8 yr mFRI",521,4.997,4.3529,4.997,3.3688,2.314,3.3156,0,2.0834,0.53,0.4198,0.0192,0.0909,3.0.257
fuelbed_31123.xml,31123,"Mesic upland 21-40 yr old longleaf pine forest, 4-8 yr mFRI",541,4.8894,4.339,4.8894,3.4088,3.5099,2.7741,7.1922,3.0177,1.0395,0.7845,0.0837,0.1713,3.0.257
fuelbed_31124.xml,31124,"Mesic upland 41-60 yr old longleaf pine forest, 4-8 yr mFRI",531,4.5413,4.5595,4.5413,3.4053,3.1821,2.1495,7.1922,2.8775,1.1252,0.8492,0.09,0.186,3.0.257
fuelbed_31125.xml,31125,"Mesic upland 61-100 yr old longleaf pine forest, 4-8 yr mFRI",431,4.0256,4.2624,4.0256,3.1905,3.0579,1.8592,7.1922,2.8781,1.4108,1.1147,0.0953,0.2008,3.0.257
fuelbed_31126.xml,31126,"Mesic upland >100 yr old longleaf pine forest, 9-20 yr mFRI",431,4.0376,3.7888,4.0376,3.0888,3.0279,1.8075,7.1922,2.8598,1.4078,1.0932,0.099,0.2156,3.0.257
fuelbed_31131.xml,31131,"Mesic upland 0-10 yr old longleaf pine forest, 9-20 yr mFRI",300,2.9387,4.5111,2.9387,2.7717,0,0,0,0,0.4636,0.4516,0.006,0.0059,3.0.257
fuelbed_31132.xml,31132,"Mesic upland 11-20 yr old longleaf pine forest, 9-20 yr mFRI",421,4.3695,4.5446,4.3695,3.3625,2.3832,3.523,0,2.0374,0.9509,0.7651,0.0772,0.1086,3.0.257
fuelbed_31133.xml,31133,"Mesic upland 21-40 yr old longleaf pine forest, 9-20 yr mFRI",552,4.8305,4.6969,4.8305,3.667,4.777,5.8979,7.1922,2.8503,1.7473,1.2723,0.289,0.186,3.0.257
fuelbed_31134.xml,31134,"Mesic upland 41-60 yr old longleaf pine forest, 9-20 yr mFRI",532,5.0522,4.4496,5.0522,3.7312,3.3642,2.3797,7.1922,3.0721,1.9908,1.4026,0.3028,0.2855,3.0.257
fuelbed_31135.xml,31135,"Mesic upland 61-100 yr old longleaf pine forest, 9-20 yr mFRI",532,4.8085,4.4817,4.8085,3.6805,3.3037,2.14,7.1922,3.1708,2.3339,1.6324,0.3166,0.3849,3.0.257
fuelbed_31136.xml,31136,"Mesic upland >100 yr old longleaf pine forest, 9-20 yr mFRI",432,4.3028,4.508,4.3028,3.5245,3.1768,2.0608,7.1922,2.9537,2.3778,1.6561,0.3221,0.3997,3.0.257
fuelbed_31513.xml,31513,"Mesic upland 21-40 yr old  long-needle pine plantation, 1-3 yr mFRI",621,5.7955,3.938,5.7955,3.4938,2.0591,2.3502,0,2.4541,0.501,0.4022,0.018,0.0807,3.0.257
fuelbed_31514.xml,31514,"Mesic upland 21-40 yr old  long-needle pine plantation, 1-3 yr mFRI",521,4.758,4.5299,4.758,3.4439,1.8131,1.987,0,2.2433,0.7642,0.6049,0.0297,0.1296,3.0.257
fuelbed_31523.xml,31523,"Mesic upland 21-40 yr old  long-needle pine plantation, 4-8 yr mFRI",641,6.3221,5.0663,6.3221,4.2938,3.7275,2.9089,7.1922,3.3906,1.1395,0.883,0.0845,0.172,3.0.257
fuelbed_31524.xml,31524,"Mesic upland 41-60 yr old  long-needle pine plantation, 4-8 yr mFRI",642,6.1411,5.2666,6.1411,4.3373,3.5743,2.4939,7.1922,3.4482,1.6493,1.2338,0.1013,0.3142,3.0.257
fuelbed_31532.xml,31532,"Mesic upland 11-20 yr old  long-needle pine plantation, 9-20 yr mFRI",531,5.4704,5.5563,5.4704,4.2888,2.7521,4.0902,0,2.331,1.1572,0.9711,0.0769,0.1092,3.0.257
fuelbed_31533.xml,31533,"Mesic uplands 21-40 yr old  long-needle pine plantation, 9-20 yr mFRI",642,6.1713,5.5285,6.1713,4.579,3.7765,3.2892,7.1922,3.1246,1.8726,1.3972,0.2886,0.1869,3.0.257
fuelbed_31534.xml,31534,"Mesic uplands 41-60 yr old  long-needle pine plantation, 9-20 yr mFRI",742,6.5976,5.1118,6.5976,4.6102,3.7115,2.7973,7.1922,3.4648,2.3788,1.6975,0.3097,0.3715,3.0.257
fuelbed_31541.xml,31541,Mesic upland 0-10 yr old long-needle pine plantation >20 yr mFRI,331,2.7902,5.0648,2.3122,2.7902,2.5165,0,8.8547,2.92,1.4782,0.9809,0.2328,0.2645,3.0.257
fuelbed_31542.xml,31542,Mesic upland 11-20 yr old long-needle pine plantation >20 yr mFRI,452,3.7338,4.8508,3.7338,3.3925,4.7518,3.841,8.8547,4.2941,1.9213,1.2979,0.3405,0.283,3.0.257
fuelbed_31543.xml,31543,Mesic upland 21-40 yr old long-needle pine plantation >20 yr mFRI,553,5.0991,5.2448,5.0991,4.1345,5.3342,3.962,8.8547,5.5321,2.8421,2.0176,0.5915,0.233,3.0.257
fuelbed_31544.xml,31544,Mesic upland 41-60 yr old long-needle pine plantation >20 yr mFRI,673,5.5724,5.3005,5.5724,4.3814,6.7018,7.7758,7.1922,5.4633,3.1502,2.2843,0.6021,0.2638,3.0.257
fuelbed_32141.xml,32141,"Mesic upland 0-10 yr old oak-pine forest, >20 yr mFRI",300,2.906,2.5932,2.906,2.0666,0,0,0,0,0.3764,0.3576,0.0072,0.0116,3.0.257
fuelbed_32142.xml,32142,"Mesic upland 11-20 yr old oak-pine forest, >20 yr mFRI",321,3.2888,2.6938,3.2888,2.2866,2.4982,2.285,5.8419,1.5964,0.8405,0.678,0.0695,0.0929,3.0.257
fuelbed_32143.xml,32143,"Mesic upland 21-40 yr old oak-pine forest, >20 yr mFRI",432,4.1116,2.8584,4.1116,2.6397,3.3635,2.2675,9,2.5801,1.5836,1.1105,0.2889,0.1841,3.0.257
fuelbed_32144.xml,32144,"Mesic upland 41-60 yr old oak-pine forest, >20 yr mFRI",532,4.5906,2.9024,4.5906,2.8002,3.3253,1.8291,9,2.9295,2.4323,1.5741,0.561,0.2973,3.0.257
fuelbed_32145.xml,32145,"Mesic upland 61-100 yr old oak-pine forest, >20 yr mFRI",533,4.5616,2.9118,4.5616,2.7969,3.3755,1.6798,9,3.1958,2.9473,1.9252,0.6261,0.3959,3.0.257
fuelbed_32146.xml,32146,"Mesic upland >100 yr old oak-pine forest, >20 yr mFRI",533,4.5615,2.9118,4.5615,2.7969,3.3755,1.6798,9,3.1958,2.9723,1.9305,0.6314,0.4104,3.0.257
fuelbed_33141.xml,33141,"Mesic upland 0-10 yr old oak forest, >20 yr mFRI",300,3.2099,2.7655,3.2099,2.2968,0,0,0,0,0.2248,0.2036,0.0088,0.0125,3.0.257
fuelbed_33142.xml,33142,"Mesic upland 11-20 yr old oak forest, >20 yr mFRI",431,3.6686,2.7222,3.6686,2.5127,3.0821,2.6196,5.8419,2.624,0.5903,0.4721,0.0218,0.0964,3.0.257
fuelbed_33143.xml,33143,"Mesic upland 21-40 yr old oak forest, >20 yr mFRI",441,3.5187,2.5391,3.5187,2.4876,4.1616,2.2019,9,4.5078,1.1994,0.9209,0.0875,0.1911,3.0.257
fuelbed_33144.xml,33144,"Mesic upland 41-60 yr old oak forest, >20 yr mFRI",441,4.2987,2.8439,4.2987,2.8905,4.0453,1.8972,9,4.5412,1.4684,1.0254,0.135,0.3081,3.0.257
fuelbed_33145.xml,33145,"Mesic upland 60-100 yr old oak forest, >20 yr mFRI",442,4.2645,2.9539,4.2645,2.9711,4.0313,1.7825,9,4.6232,1.9528,1.3756,0.1678,0.4095,3.0.257
fuelbed_33146.xml,33146,"Mesic upland >100 yr old oak forest, >20 yr mFRI",442,4.3804,3.0284,4.3804,3.0786,3.8074,1.8384,9,4.045,1.9389,1.3404,0.1735,0.425,3.0.257
fuelbed_41111.xml,41111,"Xeric upland 0-10 yr old longleaf pine forest, 1-3 yr mFRI",300,3.4009,2.2207,3.4009,1.9746,0.4742,0,0,1.1064,0.0794,0.0746,0.0018,0.003,3.0.257
fuelbed_41112.xml,41112,"Xeric upland 11-20 yr old longleaf pine forest, 1-3 yr mFRI",430,4.0747,2.186,4.0747,2.1637,2.5224,4.2101,0,1.6751,0.2403,0.2037,0.005,0.0316,3.0.257
fuelbed_41113.xml,41113,"Xeric upland 21-40 yr old longleaf pine forest, 1-3 yr mFRI",441,3.7498,2.3421,3.7498,2.2048,3.7318,4.2795,4.7451,2.8456,0.6643,0.5952,0.009,0.0601,3.0.257
fuelbed_41114.xml,41114,"Xeric upland 41-60 yr old longleaf pine forest, 1-3 yr mFRI",531,5.3558,2.8427,5.3558,2.9145,2.7104,2.2207,4.7451,2.5215,0.6185,0.4987,0.0166,0.1032,3.0.257
fuelbed_41115.xml,41115,"Xeric upland 61-100 yr old longleaf pine forest, 1-3 yr mFRI",531,5.2424,2.9852,5.2424,2.9935,2.5669,2.0546,4.7451,2.3526,0.7643,0.5734,0.0271,0.1639,3.0.257
fuelbed_41116.xml,41116,"Xeric upland >100 yr old longleaf pine forest, 1-3 yr mFRI",521,4.9681,2.9455,4.9681,2.931,2.4682,1.9203,4.7451,2.2568,0.8953,0.6924,0.03,0.1729,3.0.257
fuelbed_41121.xml,41121,"Xeric upland 0-10 yr old longleaf pine forest, 4-8 yr mFRI",300,2.6618,2.4903,2.6618,1.8767,0.4716,0,0,1.1003,0.1632,0.1257,0.0058,0.0317,3.0.257
fuelbed_41122.xml,41122,"Xeric upland 11-20 yr old longleaf pine forest, 4-8 yr mFRI",330,3.4153,2.5608,3.4153,2.1598,2.6818,4.2036,0,2.0535,0.3782,0.3327,0.0077,0.0377,3.0.257
fuelbed_41123.xml,41123,"Xeric upland 21-40 yr old longleaf pine forest, 4-8 yr mFRI",441,3.6317,2.614,3.6317,2.285,4.457,4.4147,7.6902,3.4209,1.1063,0.9274,0.1125,0.0664,3.0.257
fuelbed_41124.xml,41124,"Xeric upland 41-60 yr old longleaf pine forest, 4-8 yr mFRI",431,4.1811,2.6661,4.1811,2.5621,3.0026,2.016,7.6902,2.4261,1.0426,0.8058,0.1212,0.1157,3.0.257
fuelbed_41125.xml,41125,"Xeric upland 61-100 yr old longleaf pine forest, 4-8 yr mFRI",431,4.0285,2.7109,4.0285,2.6263,2.786,1.8538,7.6902,2.0829,1.2919,0.9876,0.1307,0.1735,3.0.257
fuelbed_41126.xml,41126,"Xeric upland >100 yr old longleaf pine forest, 4-8 yr mFRI",431,3.9255,2.6774,3.9255,2.6011,2.7234,1.747,7.6902,2.0438,1.3679,1.0436,0.1356,0.1887,3.0.257
fuelbed_41131.xml,41131,"Xeric upland 0-10 yr old longleaf pine forest, 9-20 yr mFRI",200,2.016,2.5915,2.016,1.6875,0.4026,0,0,0.9393,0.2605,0.2043,0.0074,0.0488,3.0.257
fuelbed_41132.xml,41132,"Xeric upland 11-20 yr old longleaf pine forest, 9-20 yr mFRI",331,3.0367,2.6606,3.0367,2.1261,2.564,4.1464,0,1.8358,0.5941,0.4785,0.015,0.1006,3.0.257
fuelbed_41133.xml,41133,"Xeric upland 21-40 yr old longleaf pine forest, 9-20 yr mFRI",341,3.1555,2.7902,3.1555,2.3484,4.3534,4.5209,7.6902,3.0729,1.4359,1.1524,0.1249,0.1586,3.0.257
fuelbed_41134.xml,41134,"Xeric upland 41-60 yr old longleaf pine forest, 9-20 yr mFRI",442,3.9819,2.7767,3.9819,2.6794,3.7629,2.2069,9,3.5726,1.679,1.2276,0.2348,0.2165,3.0.257
fuelbed_41135.xml,41135,"Xeric upland 61-100 yr old longleaf pine forest, 9-20 yr mFRI",442,3.9745,2.7417,3.9745,2.6857,3.746,1.9581,9,3.7819,2.0644,1.4952,0.2948,0.2744,3.0.257
fuelbed_41136.xml,41136,"Xeric upland >100 yr old longleaf pine forest, 9-20 yr mFRI",442,3.9638,2.6518,3.9638,2.6382,3.8053,1.8216,9,4.0568,2.3958,1.7591,0.3043,0.3324,3.0.257
fuelbed_41211.xml,41211,"Xeric upland 21-40 yr old long-needle pine plantation, 1-3 yr mFRI",402,3.95,5.1233,3.95,3.5809,0.312,0,0,0.728,1.5306,0.8231,0.3686,0.3389,3.0.257
fuelbed_41212.xml,41212,"Xeric upland 41-60 yr old long-needle pine plantation, 1-3 yr mFRI",421,4.0055,5.0588,4.0055,3.5639,2.02,4.138,0,0.5751,1.3323,0.9032,0.2257,0.2033,3.0.257
fuelbed_41213.xml,41213,"Xeric upland 21-40 yr old long-needle pine plantation, 4-8 yr mFRI",422,4.4313,4.9585,4.4313,3.7454,1.7836,3.3509,0,0.8105,1.8971,1.2002,0.358,0.3389,3.0.257
fuelbed_41313.xml,41313,"Xeric upland 41-60 yr old long-needle pine plantation, 4-8 yr mFRI",321,3.3491,3.9213,3.3491,3.0186,1.677,2.9092,0,1.0036,1.4372,0.8873,0.2789,0.2711,3.0.257
fuelbed_41314.xml,41314,"Xeric upland 11-20 yr old long-needle pine plantation, 9-20 yr mFRI",422,4.2072,4.4646,4.2072,3.624,2.0659,3.4104,0,1.4099,1.9377,1.3384,0.1927,0.4066,3.0.257
fuelbed_41315.xml,41315,"Xeric upland 21-40 yr old long-needle pine plantation, 9-20 yr mFRI",422,4.2072,4.4646,4.2072,3.624,2.0181,3.1284,0,1.5803,1.9824,1.3831,0.1927,0.4066,3.0.257
fuelbed_41316.xml,41316,"Xeric upland 41-60 yr old long-needle pine plantation, 9-20 yr mFRI",422,4.2072,4.4646,4.2072,3.624,2.0826,3.1284,0,1.7308,2.0154,1.416,0.1927,0.4066,3.0.257
fuelbed_41413.xml,41413,"Xeric upland 0-10 yr old long-needle pine plantation, >20 yr mFRI",632,5.6304,8.8049,5.6304,5.2273,2.7382,4.8583,0,1.5305,1.8423,1.1601,0.3087,0.3736,3.0.257
fuelbed_41414.xml,41414,"Xeric upland 11-20 yr old long-needle pine plantation, >20 yr mFRI",632,6.0204,9,6.0204,5.6701,3.0539,5.2142,0,1.9111,2.2889,1.5628,0.2169,0.5091,3.0.257
fuelbed_41415.xml,41415,"Xeric upland 21-40 yr old long-needle pine plantation, >20 yr mFRI",632,6.0204,9,6.0204,5.6701,2.9421,4.7391,0,2.1253,2.3335,1.6074,0.2169,0.5091,3.0.257
fuelbed_41416.xml,41416,"Xeric upland 41-60 yr old long-needle pine plantation, >20 yr mFRI",632,6.0204,9,6.0204,5.6701,3.0207,4.7391,0,2.3086,2.3665,1.6404,0.2169,0.5091,3.0.257
fuelbed_41513.xml,41513,"Xeric upland 21-40 yr old long-needle pine plantation, 1-3 yr mFRI",341,3.3066,2.2282,3.3066,2.0258,3.587,3.9759,4.7451,2.8116,0.6643,0.5952,0.009,0.0601,3.0.257
fuelbed_41514.xml,41514,"Xeric upland 41-60 yr old long-needle pine plantation, 1-3 yr mFRI",421,4.4324,3.2385,4.4324,2.9528,2.3232,2.246,4.7451,1.5926,0.6545,0.5347,0.0166,0.1032,3.0.257
fuelbed_41523.xml,41523,"Xeric upland 21-40 yr old long-needle pine plantation, 4-8 yr mFRI",451,3.7402,2.6333,3.7402,2.3241,4.5315,4.4802,7.6902,3.5292,1.0983,0.921,0.1109,0.0664,3.0.257
fuelbed_41532.xml,41532,"Xeric upland 11-20 yr old long-needle pine plantation, 9-20 yr mFRI",321,3.0187,2.4282,3.0187,2.003,2.4642,3.9368,0,1.8127,0.574,0.4584,0.015,0.1006,3.0.257
fuelbed_41533.xml,41533,"Xeric upland 21-40 yr old long-needle pine plantation, 9-20 yr mFRI",341,2.9475,2.5531,2.9475,2.1793,4.237,4.2364,7.6902,3.0859,1.4191,1.1356,0.1249,0.1586,3.0.257
fuelbed_41534.xml,41534,"Xeric upland 41-60 yr old long-needle pine plantation, 9-20 yr mFRI",342,3.3712,2.5785,3.3712,2.405,3.6757,2.009,9,3.567,1.679,1.2276,0.2348,0.2165,3.0.257
fuelbed_41541.xml,41541,"Xeric upland 0-10 yr old ong-needle pine plantation, >20 yr mFRI",200,1.8183,2.1585,1.8183,1.6189,0.3456,0,0,0.8064,0.2289,0.2008,0.0103,0.0178,3.0.257
fuelbed_41542.xml,41542,"Xeric upland 11-20 yr old ong-needle pine plantation, >20 yr mFRI",220,2.4552,2.1662,2.4552,1.9118,1.565,2.5962,0,1.0553,0.4446,0.2605,0.0753,0.1088,3.0.257
fuelbed_41543.xml,41543,"Xeric upland 21-40 yr old long-needle pine plantation, >20 yr mFRI",431,3.6321,2.0273,3.6321,2.1324,3.2289,2.8548,5.8419,2.7316,1.0711,0.5945,0.2903,0.1863,3.0.257
fuelbed_41544.xml,41544,"Xeric upland 41-60 yr old long-needle pine plantation, >20 yr mFRI",442,4.2881,2.386,4.2881,2.4594,4.3935,2.9971,7.1922,4.8562,1.865,0.9994,0.5644,0.3012,3.0.257
fuelbed_42141.xml,42141,"Xeric upland 0-10 yr old oak-pine forest, >20 yr mFRI",200,2.0017,5.0627,1.2938,2.0017,0.2919,0,0,0.6811,0.3313,0.3112,0.0083,0.0118,3.0.257
fuelbed_42142.xml,42142,"Xeric upland 11-20 yr old oak-pine forest, >20 yr mFRI",201,2.0313,4.0419,1.6559,2.0313,0.4659,0,0,1.0869,0.7746,0.6104,0.0702,0.094,3.0.257
fuelbed_42143.xml,42143,"Xeric upland 21-40 yr old oak-pine forest, >20 yr mFRI",341,3.212,2.4895,3.212,2.1861,4.0255,4.248,5.8419,3.1968,1.4447,0.988,0.2852,0.1715,3.0.257
fuelbed_42144.xml,42144,"Xeric upland 41-60 yr old oak-pine forest, >20 yr mFRI",452,3.9995,2.4734,3.9995,2.4179,4.966,4.6371,7.1922,4.552,2.3519,1.5262,0.5543,0.2715,3.0.257
fuelbed_42145.xml,42145,"Xeric upland 61-100 yr old oak-pine forest, >20 yr mFRI",463,3.7638,2.3138,3.7638,2.2726,5.5637,3.5689,9,6.4121,2.8642,1.8714,0.6223,0.3705,3.0.257
fuelbed_42146.xml,42146,"Xeric upland >100 yr old oak-pine forest, >20 yr mFRI",463,3.7639,2.3138,3.7639,2.2726,5.5637,3.5689,9,6.4121,2.8892,1.8765,0.6274,0.3853,3.0.257
fuelbed_43141.xml,43141,Xeric upland 0-10 yr old oak forest >20 yr mFRI,100,1.446,1.8068,1.446,1.3385,0,0,0,0,0.1176,0.0982,0.0066,0.0128,3.0.257
fuelbed_43142.xml,43142,"Xeric upland 11-20 yr old oak forest, >20 yr mFRI",220,2.4073,1.9611,2.4073,1.8377,1.7688,3.2345,0,0.8926,0.3176,0.226,0.0164,0.0752,3.0.257
fuelbed_43143.xml,43143,"Xeric upland 21-40 yr old oak forest, >20 yr mFRI",321,2.9107,2.0002,2.9107,1.9425,2.0405,2.6323,0,2.1284,0.6585,0.4711,0.0737,0.1136,3.0.257
fuelbed_43144.xml,43144,"Xeric upland 41-60 yr old oak forest, >20 yr mFRI",541,4.5014,2.4057,4.5014,2.5144,3.5545,2.8769,5.8419,3.4691,0.902,0.616,0.1132,0.1728,3.0.257
fuelbed_43145.xml,43145,"Xeric upland 61-100 yr old oak forest, >20 yr mFRI",521,4.5841,2.241,4.5841,2.436,2.1119,2.53,7.1922,0,1.0972,0.7009,0.1435,0.2528,3.0.257
fuelbed_43146.xml,43146,"Xeric upland >100 yr old oak forest, >20 yr mFRI",421,4.48,2.2935,4.48,2.4438,2.1149,2.537,7.1922,0,1.1622,0.7442,0.1492,0.2688,3.0.257
fuelbed_44141.xml,44141,"Xeric upland 0-10 yr old sand pine forest, >20 yr mFRI",310,3.0332,4.9014,3.0332,2.9577,0.5932,0,0,1.3839,0.3649,0.2759,0.019,0.07,3.0.257
fuelbed_44142.xml,44142,"Xeric upland 11-20 yr old sand pine forest, >20 yr mFRI",331,2.9667,3.4146,2.9667,2.5829,3.1541,4.911,0,2.448,0.8055,0.5883,0.0908,0.1264,3.0.257
fuelbed_44143.xml,44143,"Xeric upland 21-40 yr old sand pine forest, >20 yr mFRI",442,4.0778,3.2157,4.0778,2.9257,4.2659,2.7032,8.1225,4.5423,1.6114,1.1747,0.2963,0.1405,3.0.257
fuelbed_44144.xml,44144,"Xeric upland 41-60 yr old sand pine forest, >20 yr mFRI",442,4.1958,3.0875,4.1958,2.8985,4.4327,2.3204,8.507,5.1861,2.0256,1.5693,0.3017,0.1546,3.0.257
fuelbed_44145.xml,44145,Xeric upland 61-100 yr old sand pine forest and >20 yr mFRI,442,3.7267,2.4949,3.7267,2.5505,4.4555,1.7513,8.507,5.8084,2.0154,1.6764,0.269,0.07,3.0.257
fuelbed_44146.xml,44146,Xeric upland >100 yr old sand pine forest and >20 yr mFRI,453,4.1541,2.4949,4.1541,2.6811,5.1999,3.3528,8.507,5.9438,2.789,2.45,0.269,0.07,3.0.257
fuelbed_44541.xml,44541,"Xeric upland 0-10 yr old sand pine plantation, >20 year mFRI",310,3.1313,2.5227,3.1313,2.3138,0.5296,0,0,1.2355,0.2809,0.2075,0.0146,0.0587,3.0.257
fuelbed_44542.xml,44542,"Xeric upland 11-20 yr old sand pine plantation, >20 yr mFRI",431,3.9529,2.9704,3.9529,2.7989,3.4782,5.2662,0,2.8489,0.7443,0.5857,0.0744,0.0841,3.0.257
fuelbed_44543.xml,44543,"Xeric upland 21-40 yr old sand pine plantation, >20 yr mFRI",442,4.1484,3.1157,4.1484,2.9224,4.4211,2.7006,8.1225,4.9073,1.5355,1.1574,0.2799,0.0982,3.0.257
fuelbed_44544.xml,44544,"Xeric upland 41-60 yr old sand pine plantation, >20 yr mFRI",452,4.293,3.0946,4.293,2.9628,4.5048,2.3651,8.507,5.3096,1.9709,1.5537,0.2908,0.1264,3.0.257
fuelbed_57900.xml,57900,Rangeland,700,7.4541,3.9515,7.4541,3.7068,0,0,0,0,0.0676,0.0676,0,0,3.0.257
